{"type": "block", "layer": 4, "block": 0, "features": [{"geom": {"lines": [[-14213.962445929646, -2451.9686359278858, 0.0, -13646.252227213234, -2595.7491160789505, 0.0, -12099.100548321381, -3008.074691952206, 0.0, -11295.785706909373, -3044.976481492631, 0.0, -10543.254817198962, -2860.875159928575, 0.0, -9396.541610587388, -2439.145048873499, 0.0, -8567.80139748007, -2107.074718112126, 0.0, -7989.30739967525, -1847.5770149705932, 0.0, -7859.275102479383, -1779.1235464578494, 0.0, -7758.05228949897, -1714.3349316716194, 0.0, -7004.152170050889, -1047.992740869522, 0.0, -6918.580877479166, -967.2283788798377, 0.0, -6484.368071688339, -364.95948734879494, 0.0, -6424.711956575513, -292.16380446683615, 0.0, -5906.219164306298, 215.74790940340608, 0.0, -5646.087778221816, 458.6680118460208, 0.0, -5608.639901518822, 482.9682409595698, 0.0, -5548.505112592131, 507.42456756159663, 0.0, -4500.732669396326, 758.7597157917917, 0.0, -4131.920064451173, 846.8956941859797, 0.0, -3934.03853761591, 883.8939897688106, 0.0, -3156.8837765417993, 1032.064470404759, 0.0, -3014.4727519694716, 1057.3416965333745, 0.0, -2953.5475946590304, 1055.9374040327966, 0.0, -2915.721231687814, 1046.1268676891923, 0.0, -2859.7497917171568, 1024.5749377198517, 0.0, -2630.665411612019, 878.0429033534601, 0.0, -2584.668198015541, 847.7343462714925, 0.0, -2241.8152983207256, 621.7891454435885, 0.0, -2134.436517504975, 552.3588802926242, 0.0, -1814.0033632554114, 296.720432815142, 0.0, -1734.1538925096393, 242.77766079455614, 0.0, -1358.0498609151691, 13.749325255863369, 0.0, -544.9611682109535, -487.18761828448623, 0.0]]}, "mtl": 0}, {"geom": {"lines": [[-75.79404231533408, -315.38907500822097, 0.0, -16.79471219331026, -83.58177239447832, 0.0, -5.5848394725471735, 39.725292204879224, 0.0, -16.79471219331026, 93.90067393612117, 0.0, -87.79428342171013, 344.2473286977038, 0.0, -146.3038077838719, 698.0266317594796, 0.0, -159.43950769677758, 863.2981851371005, 0.0, -153.76221366599202, 1021.1032297052443, 0.0, -153.61749832704663, 1077.7624786337838, 0.0, -158.6714032087475, 1128.3758232966065, 0.0, -168.8014768715948, 1186.0695871841162, 0.0, -190.56443732231855, 1249.3420778550208, 0.0, -218.16053908877075, 1320.2609321530908, 0.0, -285.7092061024159, 1505.4214881537482, 0.0, -407.4259373359382, 1886.44520326145, 0.0]]}, "mtl": 0}, {"geom": {"lines": [[-1820.7270605005324, -949.8742658654228, 0.0, -2069.1921639498323, -1039.666757822968, 0.0, -2382.6010583285242, -1153.4024244192988, 0.0, -2714.7450230102986, -1273.941304801032, 0.0, -3125.280173106119, -1422.925712457858, 0.0, -3264.5185921899974, -1474.5558155532926, 0.0, -3847.854987844825, -1690.8213856359944, 0.0]]}, "mtl": 0}, {"geom": {"lines": [[-3125.280173106119, -1422.925712457858, 0.0, -3038.78492875956, -1628.9761304380372, 0.0, -2562.3486401122063, -2681.526179127395, 0.0, -2548.055217495188, -2713.1074956366792, 0.0]]}, "mtl": 0}, {"geom": {"lines": [[6403.701634647325, 1713.603164454922, 0.0, 6201.968453429639, 1622.4340007370338, 0.0, 3808.02054002136, 558.8143085520715, 0.0, 3619.1113641466945, 496.7956123277545, 0.0, 2498.9033282939345, 171.10807136632502, 0.0, 1906.7949567642063, -9.67187377717346, 0.0, 1691.5030615702271, -113.80857318174094, 0.0, 1511.2768059764057, -229.83939356636256, 0.0, 1441.7800478748977, -287.9321565963328, 0.0, 1320.920476719737, -388.9645576113835, 0.0, 715.0084883309901, -1027.5774925462902, 0.0, -1930.9444883335382, -3856.7325293617323, 0.0, -2082.6840862333775, -4022.8392852600664, 0.0, -2899.290474846959, -4868.521389936097, 0.0, -2903.086469480768, -4872.458205933683, 0.0, -2939.899825086817, -4910.091727510095, 0.0, -2984.2495102193207, -4958.580429119058, 0.0, -2992.5094164367765, -4967.330970452167, 0.0, -3112.48956361413, -5102.212789692916, 0.0]]}, "mtl": 0}, {"geom": {"lines": [[-2291.6864301990718, -2435.6748869000003, 0.0, -2352.778566746041, -2301.0002125529572, 0.0, -2374.0294575374573, -2237.2297311061993, 0.0, -2391.2394508142024, -2175.4863052023575, 0.0, -2432.739356983453, -2077.3040844323114, 0.0, -2469.1742263194174, -1985.203510391526, 0.0, -2542.0550969410688, -1770.6228742590174, 0.0, -2612.520334612578, -1567.9492768533528, 0.0, -2646.027501342818, -1471.572665614076, 0.0, -2714.7450230102986, -1273.941304801032, 0.0, -2887.958150682971, -821.0626376951113, 0.0, -2920.6081573348492, -735.6550218313932, 0.0]]}, "mtl": 0}, {"geom": {"lines": [[-2951.031774165109, -2727.8453994067386, 0.0, -2919.906844539568, -2646.55264549423, 0.0, -2896.607675118372, -2585.7092388356104, 0.0, -2883.728010032326, -2496.967856812291, 0.0, -2889.44983186014, -2441.854893380776, 0.0, -2906.6264292895794, -2388.164704458788, 0.0, -3070.321740500629, -1991.4618608597666, 0.0, -3191.481874279678, -1718.253849092871, 0.0, -3196.4912513643503, -1698.9322022590786, 0.0, -3197.9384047463536, -1686.1810588557273, 0.0]]}, "mtl": 0}, {"geom": {"lines": [[-4547.3644040916115, -1084.7283534454182, 0.0, -4429.276688259095, -1031.7697398951277, 0.0, -4387.765650140122, -1016.0146776745096, 0.0, -3981.2380017116666, -881.4713844358921, 0.0, -3797.293675126508, -821.3356285700575, 0.0, -3759.3559926636517, -816.3242945671082, 0.0, -3717.844954546541, -820.6336520183831, 0.0, -3667.0276070013642, -839.2360092289746, 0.0, -3625.5165688842535, -847.113723593764, 0.0, -3596.172751110047, -838.5145349884406, 0.0, -3368.7358994707465, -743.8448339179158, 0.0]]}, "mtl": 0}, {"geom": {"lines": [[-4402.94962868467, -54.13490497786552, 0.0, -4335.133794894442, -183.70028667151928, 0.0, -4312.858764786273, -183.70028667151928, 0.0, -4196.964042920619, -120.94598123431206, 0.0, -4104.357358530164, -69.32638230547309, 0.0, -4076.0154161732644, -51.112206971272826, 0.0, -4046.6604664530605, -48.070006500929594, 0.0, -4005.6614979933947, -53.62787184584886, 0.0, -3962.647646751255, -41.98560198396444, 0.0, -3890.7797834947705, -18.720511279068887, 0.0, -3832.915912181139, 5.012683220207691, 0.0]]}, "mtl": 0}, {"geom": {"lines": [[-4500.732669396326, 758.7597157917917, 0.0, -4484.179461115971, 681.8000178858638, 0.0, -4447.677800085396, 629.5513316346332, 0.0, -4393.287096884102, 584.4605493508279, 0.0, -4362.507257679477, 524.3334125513211, 0.0, -4349.627592595294, 466.37152729090303, 0.0, -4311.689910132438, 422.7053724601865, 0.0, -4249.428918931633, 408.3905720897019, 0.0, -4187.156795781106, 400.5310948221013, 0.0, -4152.091156182811, 382.62789837270975, 0.0, -4117.01438463293, 317.4902551146224, 0.0, -3921.626414394006, 9.732028815895319, 0.0, -3890.7797834947705, -18.720511279068887, 0.0]]}, "mtl": 0}, {"geom": {"lines": [[-2584.668198015541, 847.7343462714925, 0.0, -2605.6073942352086, 812.7645814707503, 0.0, -2647.608238110319, 763.6550492830575, 0.0, -2727.0680906400084, 682.697161517106, 0.0, -2846.5027723107487, 590.0773799316958, 0.0, -2997.318418437615, 470.64259357657284, 0.0, -3163.8301127664745, 356.26073865313083, 0.0, -3203.8049419112504, 324.37453710474074, 0.0, -3223.5418876279145, 300.0943062743172, 0.0, -3238.7258661724627, 270.7241043811664, 0.0, -3275.6728051677346, 176.6075919494033, 0.0, -3283.26479444094, 152.81536780111492, 0.0, -3308.066776987165, 51.09468044247478, 0.0, -3318.6866564098746, 35.39595834817737, 0.0, -3440.6594224702567, -22.28925981093198, 0.0]]},